Item Name,Band,Item Category,Item Category Code,Band Code,Item Code,Item QR Code,Ownership,Status for rent,item Status,PointsPerDay,DifficultyLevel,MaxLoanQuantity,Description,ImageURL,RecommendedUsageScenario
Radial ProAV2 stereo passive multimedia direct box,Radial,Audio,AUD,RADL,Direct box_1,AUD-RADL-Direct box_1-CTV,CTV,Not available,Fully Functional,50,4,1,,,
Rode 3.3m Boompole,Rode,Audio,AUD,RODE,BOOM_1,AUD-RODE-BOOM_1-CTV,CTV,Available,Fully Functional,50,3,1,,,
Zoom H6essential 6-Track 32-Bit Float Portable Audio Recorder,Zoom,Audio,AUD,ZOOM,H6E_1,AUD-ZOOM-H6E_1-CTV,CTV,Available,Fully Functional,200,2,1,,,
Zoom L12 Mixer,Zoom,Audio,AUD,ZOOM,L12_1,AUD-ZOOM-L12_1-CTV,CTV,Not available,Fully Functional,600,4,1,,,
Zoom L8 Mixer,Zoom,Audio,AUD,ZOOM,L8_1,AUD-ZOOM-L8_1-CTV,CTV,Not available,Fully Functional,400,3,1,,,
副廠 LP-E6,Unknow,Battery,BAT,UNKN,LPE6_2,BAT-UNKN-LPE6_2-GK,GK,Not available,Damaged,100,1,1,,,
副廠 LP-E6,Unknow,Battery,BAT,UNKN,LPE6_3,BAT-UNKN-LPE6_3-GK,GK,Available,Fully Functional,100,1,1,,,
副廠 LP-E6,Unknow,Battery,BAT,UNKN,LPE6_4,BAT-UNKN-LPE6_4-GK,GK,Available,Fully Functional,100,1,1,,,
副廠 LP-E8,Unknow,Battery,BAT,UNKN,LPE8_3,BAT-UNKN-LPE8_3-GK,GK,Available,Fully Functional,100,1,1,,,
副廠 LP-E8,Unknow,Battery,BAT,UNKN,LPE8_4,BAT-UNKN-LPE8_4-GK,GK,Available,Fully Functional,100,1,1,,,
Canon LP-E6,Canon,Battery,BAT,CAON,LPE6_1,BAT-CAON-LPE6_1-AVG,AVG,Available,Fully Functional,100,1,1,,,
Canon LP-E6N,Canon,Battery,BAT,CAON,LPE6N_1,BAT-CAON-LPE6N_1-GK,GK,Available,Fully Functional,100,1,1,,,
Canon LP-E6NH,Canon,Battery,BAT,CAON,LPE6NH_1,BAT-CAON-LPE6NH_1-CTV,CTV,Available,Fully Functional,100,1,1,,,
Canon LP-E6NH,Canon,Battery,BAT,CAON,LPE6NH_2,BAT-CAON-LPE6NH_2-CTV,CTV,Available,Fully Functional,100,1,1,,,
Canon LP-E6NH,Canon,Battery,BAT,CAON,LPE6NH_3,BAT-CAON-LPE6NH_3-CTV,CTV,Available,Fully Functional,100,1,1,,,
Canon LP-E6NH,Canon,Battery,BAT,CAON,LPE6NH_4,BAT-CAON-LPE6NH_4-CTV,CTV,Available,Fully Functional,100,1,1,,,
Canon LP-E6NH,Canon,Battery,BAT,CAON,LPE6NH_5,BAT-CAON-LPE6NH_5-CTV,CTV,Available,Fully Functional,100,1,1,,,
Canon LP-E6NH,Canon,Battery,BAT,CAON,LPE6NH_6,BAT-CAON-LPE6NH_6-CTV,CTV,Available,Fully Functional,100,1,1,,,
Canon LP-E6NH,Canon,Battery,BAT,CAON,LPE6NH_7,BAT-CAON-LPE6NH_7-CTV,CTV,Available,Fully Functional,100,1,1,,,
Canon LP-E6NH,Canon,Battery,BAT,CAON,LPE6NH_8,BAT-CAON-LPE6NH_8-CTV,CTV,Available,Fully Functional,100,1,1,,,
Canon LP-E6NH,Canon,Battery,BAT,CAON,LPE6NH_9,BAT-CAON-LPE6NH_9-CTV,CTV,Available,Fully Functional,100,1,1,,,
Canon LP-E6NH,Canon,Battery,BAT,CAON,LPE6NH_10,BAT-CAON-LPE6NH_10-CTV,CTV,Available,Fully Functional,100,1,1,,,
Canon LP-E6NH,Canon,Battery,BAT,CAON,LPE6NH_11,BAT-CAON-LPE6NH_11-CTV,CTV,Available,Fully Functional,100,1,1,,,
Canon LP-E6NH,Canon,Battery,BAT,CAON,LPE6NH_12,BAT-CAON-LPE6NH_12-CTV,CTV,Available,Fully Functional,100,1,1,,,
Canon LP-E6NH,Canon,Battery,BAT,CAON,LPE6NH_13,BAT-CAON-LPE6NH_13-CTV,CTV,Available,Fully Functional,100,1,1,,,
Canon LP-E8,Canon,Battery,BAT,CAON,LPE8_1,BAT-CAON-LPE8_1-GK,GK,Available,Fully Functional,100,1,1,,,
Canon LP-E8,Canon,Battery,BAT,CAON,LPE8_2,BAT-CAON-LPE8_2-GK,GK,Available,Fully Functional,100,1,1,,,
FXLion NANO ONE 50Wh,FXLion,Battery,BAT,FXLN,V50_1,BAT-FXLN-V50_1-CTV,CTV,Available,Fully Functional,200,2,1,,,
FXLion NANO ONE 50Wh,FXLion,Battery,BAT,FXLN,V50_2,BAT-FXLN-V50_2-CTV,CTV,Available,Fully Functional,200,2,1,,,
FXLion NANO ONE 50Wh,FXLion,Battery,BAT,FXLN,V50_3,BAT-FXLN-V50_3-GK,GK,Available,Fully Functional,200,2,1,,,
FXLion Nano Three 150Wh,FXLion,Battery,BAT,FXLN,V150_1,BAT-FXLN-V150_1-CTV,CTV,Available,Fully Functional,200,2,1,,,
FXLion Nano Three 150Wh,FXLion,Battery,BAT,FXLN,V150_2,BAT-FXLN-V150_2-CTV,CTV,Available,Fully Functional,200,2,1,,,
FXLion Nano Three 150Wh,FXLion,Battery,BAT,FXLN,V150_3,BAT-FXLN-V150_3-CTV,CTV,Available,Fully Functional,200,2,1,,,
FXLion Nano Three 150Wh,FXLion,Battery,BAT,FXLN,V150_4,BAT-FXLN-V150_4-CTV,CTV,Available,Fully Functional,200,2,1,,,
Godox WB29A for AD200,Godox,Battery,BAT,GODX,WB29A_1,BAT-GODX-WB29A_1-GK,GK,Checking,Fully Functional,100,4,1,,,
Godox WB29A for AD200,Godox,Battery,BAT,GODX,WB29A_1,BAT-GODX-WB29A_1-GK,GK,Checking,Fully Functional,100,4,1,,,
Godox WB29B for AD200,Godox,Battery,BAT,GODX,WB29B_1,BAT-GODX-WB29B_1-GK,GK,Checking,Fully Functional,100,4,1,,,
Godox WB29B for AD200,Godox,Battery,BAT,GODX,WB29B_2,BAT-GODX-WB29B_2-GK,GK,Checking,Fully Functional,100,4,1,,,
Hollyland C1 Pro HL-BAT 700,Hollyland,Battery,BAT,HOLD,CB_1,BAT-HOLD-CB_1-CTV,CTV,Not available,Fully Functional,10,3,1,,,
Hollyland C1 Pro HL-BAT 700,Hollyland,Battery,BAT,HOLD,CB_2,BAT-HOLD-CB_2-CTV,CTV,Not available,Fully Functional,10,3,1,,,
Hollyland C1 Pro HL-BAT 700,Hollyland,Battery,BAT,HOLD,CB_3,BAT-HOLD-CB_3-CTV,CTV,Not available,Fully Functional,10,3,1,,,
Hollyland C1 Pro HL-BAT 700,Hollyland,Battery,BAT,HOLD,CB_4,BAT-HOLD-CB_4-CTV,CTV,Not available,Fully Functional,10,3,1,,,
Hollyland C1 Pro HL-BAT 700,Hollyland,Battery,BAT,HOLD,CB_5,BAT-HOLD-CB_5-CTV,CTV,Not available,Fully Functional,10,3,1,,,
Hollyland C1 Pro HL-BAT 700,Hollyland,Battery,BAT,HOLD,CB_6,BAT-HOLD-CB_6-CTV,CTV,Not available,Fully Functional,10,3,1,,,
Hollyland C1 Pro HL-BAT 700,Hollyland,Battery,BAT,HOLD,CB_7,BAT-HOLD-CB_7-CTV,CTV,Not available,Fully Functional,10,3,1,,,
Hollyland C1 Pro HL-BAT 700,Hollyland,Battery,BAT,HOLD,CB_8,BAT-HOLD-CB_8-CTV,CTV,Not available,Fully Functional,10,3,1,,,
Hollyland C1 Pro HL-BAT 700,Hollyland,Battery,BAT,HOLD,CB_9,BAT-HOLD-CB_9-CTV,CTV,Not available,Fully Functional,10,3,1,,,
Hollyland C1 Pro HL-BAT 700,Hollyland,Battery,BAT,HOLD,CB_10,BAT-HOLD-CB_10-CTV,CTV,Not available,Fully Functional,10,3,1,,,
Hollyland C1 Pro HL-BAT 700,Hollyland,Battery,BAT,HOLD,CB_11,BAT-HOLD-CB_11-CTV,CTV,Not available,Fully Functional,10,3,1,,,
Hollyland C1 Pro HL-BAT 700,Hollyland,Battery,BAT,HOLD,CB_12,BAT-HOLD-CB_12-CTV,CTV,Not available,Fully Functional,10,3,1,,,
Hollyland C1 Pro HL-BAT 700,Hollyland,Battery,BAT,HOLD,CB_13,BAT-HOLD-CB_13-CTV,CTV,Not available,Fully Functional,10,3,1,,,
Hollyland C1 Pro HL-BAT 700,Hollyland,Battery,BAT,HOLD,CB_14,BAT-HOLD-CB_14-CTV,CTV,Not available,Fully Functional,10,3,1,,,
Hollyland C1 Pro HL-BAT 700,Hollyland,Battery,BAT,HOLD,CB_15,BAT-HOLD-CB_15-CTV,CTV,Not available,Fully Functional,10,3,1,,,
Hollyland C1 Pro HL-BAT 700,Hollyland,Battery,BAT,HOLD,CB_16,BAT-HOLD-CB_16-CTV,CTV,Not available,Fully Functional,10,3,1,,,
Hollyland C1 Pro HL-BAT 700,Hollyland,Battery,BAT,HOLD,CB_17,BAT-HOLD-CB_17-CTV,CTV,Not available,Fully Functional,10,3,1,,,
Hollyland C1 Pro HL-BAT 700,Hollyland,Battery,BAT,HOLD,CB_18,BAT-HOLD-CB_18-CTV,CTV,Not available,Fully Functional,10,3,1,,,
Hollyland C1 Pro HL-BAT 700,Hollyland,Battery,BAT,HOLD,CB_19,BAT-HOLD-CB_19-CTV,CTV,Not available,Fully Functional,10,3,1,,,
Hollyland C1 Pro HL-BAT 700,Hollyland,Battery,BAT,HOLD,CB_20,BAT-HOLD-CB_20-CTV,CTV,Not available,Fully Functional,10,3,1,,,
Hollyland C1 Pro HL-BAT 700,Hollyland,Battery,BAT,HOLD,CB_21,BAT-HOLD-CB_21-CTV,CTV,Not available,Fully Functional,10,3,1,,,
Hollyland C1 Pro HL-BAT 700,Hollyland,Battery,BAT,HOLD,CB_22,BAT-HOLD-CB_22-CTV,CTV,Not available,Fully Functional,10,3,1,,,
Hollyland C1 Pro HL-BAT 700,Hollyland,Battery,BAT,HOLD,CB_23,BAT-HOLD-CB_23-CTV,CTV,Not available,Fully Functional,10,3,1,,,
Hollyland C1 Pro HL-BAT 700,Hollyland,Battery,BAT,HOLD,CB_24,BAT-HOLD-CB_24-CTV,CTV,Not available,Fully Functional,10,3,1,,,
Hollyland C1 Pro HL-BAT 700,Hollyland,Battery,BAT,HOLD,CB_25,BAT-HOLD-CB_25-CTV,CTV,Not available,Fully Functional,10,3,1,,,
Hollyland C1 Pro HL-BAT 700,Hollyland,Battery,BAT,HOLD,CB_26,BAT-HOLD-CB_26-CTV,CTV,Not available,Fully Functional,10,3,1,,,
Hollyland C1 Pro HL-BAT 700,Hollyland,Battery,BAT,HOLD,CB_27,BAT-HOLD-CB_27-CTV,CTV,Not available,Fully Functional,10,3,1,,,
Hollyland C1 Pro HL-BAT 700,Hollyland,Battery,BAT,HOLD,CB_28,BAT-HOLD-CB_28-CTV,CTV,Not available,Fully Functional,10,3,1,,,
Hollyland C1 Pro HL-BAT 700,Hollyland,Battery,BAT,HOLD,CB_29,BAT-HOLD-CB_29-CTV,CTV,Not available,Fully Functional,10,3,1,,,
Hollyland C1 Pro HL-BAT 700,Hollyland,Battery,BAT,HOLD,CB_30,BAT-HOLD-CB_30-CTV,CTV,Not available,Fully Functional,10,3,1,,,
Hollyland C1 Pro HL-BAT 700,Hollyland,Battery,BAT,HOLD,CB_31,BAT-HOLD-CB_31-CTV,CTV,Not available,Fully Functional,10,3,1,,,
Hollyland C1 Pro HL-BAT 700,Hollyland,Battery,BAT,HOLD,CB_32,BAT-HOLD-CB_32-CTV,CTV,Not available,Fully Functional,10,3,1,,,
Nitecore NP-F970,Nitecore,Battery,BAT,NICO,S50_1,BAT-NICO-S50_1-CTV,CTV,Available,Fully Functional,20,2,1,,,
Nitecore NP-F970,Nitecore,Battery,BAT,NICO,S50_2,BAT-NICO-S50_2-CTV,CTV,Available,Fully Functional,20,2,1,,,
Nitecore NP-F970,Nitecore,Battery,BAT,NICO,S50_3,BAT-NICO-S50_3-CTV,CTV,Available,Fully Functional,20,2,1,,,
Nitecore NP-F970,Nitecore,Battery,BAT,NICO,S50_4,BAT-NICO-S50_4-CTV,CTV,Available,Fully Functional,20,2,1,,,
Nitecore NP-F970,Nitecore,Battery,BAT,NICO,S50_5,BAT-NICO-S50_5-CTV,CTV,Available,Fully Functional,20,2,1,,,
BRINNO TLC2020,BRINNO,Camera,CAM,BRNO,LAB_1,CAM-BRNO-LAB_1-CTV,CTV,Not available,Fully Functional,20,3,1,,,
Canon EOS 650D,Canon,Camera,CAM,CAON,650D_1,CAM-CAON-650D_1-GK,GK,Available,Fully Functional,50,1,1,,,
Canon EOS 6D,Canon,Camera,CAM,CAON,6D_1,CAM-CAON-6D_1-AVG,AVG,Not available,Fully Functional,100,1,1,,,
Canon EOS 700D,Canon,Camera,CAM,CAON,700D_1,CAM-CAON-700D_1-GK,GK,Available,Fully Functional,50,1,1,,,
Canon EOS R,Canon,Camera,CAM,CAON,R_1,CAM-CAON-R_1-GK,GK,Not available,Fully Functional,300,3,1,,,
Canon EOS R5,Canon,Camera,CAM,CAON,R5_1,CAM-CAON-R5_1-CTV,CTV,Available,Fully Functional,800,4,1,,,
Canon EOS R5,Canon,Camera,CAM,CAON,R5_2,CAM-CAON-R5_2-CTV,CTV,Available,Fully Functional,800,4,1,,,
Canon EOS R5 Mark II,Canon,Camera,CAM,CAON,R5M2_1,CAM-CAON-R5M2_1-GK,GK,Not available,Fully Functional,1000,5,1,,,
Canon EOS R6,Canon,Camera,CAM,CAON,R6_1,CAM-CAON-R6_1-CTV,CTV,In use,Fully Functional,600,3,1,,,
Canon EOS R6,Canon,Camera,CAM,CAON,R6_2,CAM-CAON-R6_2-CTV,CTV,In use,Fully Functional,600,3,1,,,
Canon EOS R7,Canon,Camera,CAM,CAON,R7_1,CAM-CAON-R7_1-CTV,CTV,Checking,Fully Functional,400,2,1,,,
Canon EOS R7,Canon,Camera,CAM,CAON,R7_2,CAM-CAON-R7_2-CTV,CTV,Checking,Fully Functional,400,2,1,,,
Canon EOS R7,Canon,Camera,CAM,CAON,R7_3,CAM-CAON-R7_3-CTV,CTV,Checking,Fully Functional,400,2,1,,,
Canon EOS R7,Canon,Camera,CAM,CAON,R7_4,CAM-CAON-R7_4-CTV,CTV,Checking,Fully Functional,400,2,1,,,
Canon EOS R7,Canon,Camera,CAM,CAON,R7_5,CAM-CAON-R7_5-CTV,CTV,Checking,Fully Functional,400,2,1,,,
Canon EOS R7,Canon,Camera,CAM,CAON,R7_6,CAM-CAON-R7_6-CTV,CTV,Checking,Fully Functional,400,2,1,,,
Canon EOS R7,Canon,Camera,CAM,CAON,R7_7,CAM-CAON-R7_7-CTV,CTV,Checking,Fully Functional,400,2,1,,,
Canon EOS R7,Canon,Camera,CAM,CAON,R7_8,CAM-CAON-R7_8-CTV,CTV,Checking,Fully Functional,400,2,1,,,
Canon EOS R7,Canon,Camera,CAM,CAON,R7_9,CAM-CAON-R7_9-CTV,CTV,Checking,Fully Functional,400,2,1,,,
DJI Pocket,DJI,Camera,CAM,DJI,P1_1,CAM-DJI-P1_1-CTV,CTV,Available,Fully Functional,200,1,1,,,
DJI Pocket,DJI,Camera,CAM,DJI,P1_2,CAM-DJI-P1_2-CTV,CTV,Available,Fully Functional,200,1,1,,,
DJI Pocket,DJI,Camera,CAM,DJI,P1_3,CAM-DJI-P1_3-GK,GK,Available,Fully Functional,200,1,1,,,
DJI Pocket 3 Set,DJI,Camera,CAM,DJI,P3_1,CAM-DJI-P3_1-CTV,CTV,Available,Fully Functional,300,1,1,,,
DJI Pocket 3 Set,DJI,Camera,CAM,DJI,P3_2,CAM-DJI-P3_2-CTV,CTV,Available,Fully Functional,300,1,1,,,
HD PTZ Camera,Unknow,Camera,CAM,UNKN,PTZ,CAM-UNKN-PTZ-CTV,CTV,Not available,Missing,0,N/A,1,,,
insta360 Go 3,insta360,Camera,CAM,IN36,Go3_1,CAM-IN36-Go3_1-GK,GK,Not available,Fully Functional,0,N/A,1,,,
insta360 oneR,insta360,Camera,CAM,IN36,360R_1,CAM-IN36-360R_1-CTV,CTV,Available,Fully Functional,300,2,1,,,
Hollyland C1 Pro,Hollyland,Communication,COM,HOLD,CH_1,COM-HOLD-CH_1-CTV,CTV,Not available,Fully Functional,50,3,1,,,
Hollyland C1 Pro,Hollyland,Communication,COM,HOLD,CH_2,COM-HOLD-CH_2-CTV,CTV,Not available,Fully Functional,50,3,1,,,
Hollyland C1 Pro,Hollyland,Communication,COM,HOLD,CH_3,COM-HOLD-CH_3-CTV,CTV,Not available,Fully Functional,50,3,1,,,
Hollyland C1 Pro,Hollyland,Communication,COM,HOLD,CH_4,COM-HOLD-CH_4-CTV,CTV,Not available,Fully Functional,50,3,1,,,
Hollyland C1 Pro,Hollyland,Communication,COM,HOLD,CH_5,COM-HOLD-CH_5-CTV,CTV,Not available,Fully Functional,50,3,1,,,
Hollyland C1 Pro,Hollyland,Communication,COM,HOLD,CH_6,COM-HOLD-CH_6-CTV,CTV,Not available,Fully Functional,50,3,1,,,
Hollyland C1 Pro,Hollyland,Communication,COM,HOLD,CH_7,COM-HOLD-CH_7-CTV,CTV,Not available,Fully Functional,50,3,1,,,
Hollyland C1 Pro,Hollyland,Communication,COM,HOLD,CH_8,COM-HOLD-CH_8-CTV,CTV,Not available,Fully Functional,50,3,1,,,
Hollyland C1 Pro,Hollyland,Communication,COM,HOLD,CH_9,COM-HOLD-CH_9-CTV,CTV,Not available,Fully Functional,50,3,1,,,
Hollyland C1 Pro,Hollyland,Communication,COM,HOLD,CH_10,COM-HOLD-CH_10-CTV,CTV,Not available,Fully Functional,50,3,1,,,
Hollyland C1 Pro,Hollyland,Communication,COM,HOLD,CH_11,COM-HOLD-CH_11-CTV,CTV,Not available,Fully Functional,50,3,1,,,
Hollyland C1 Pro,Hollyland,Communication,COM,HOLD,CH_12,COM-HOLD-CH_12-CTV,CTV,Not available,Fully Functional,50,3,1,,,
Hollyland C1 Pro,Hollyland,Communication,COM,HOLD,CH_13,COM-HOLD-CH_13-CTV,CTV,Not available,Fully Functional,50,3,1,,,
Hollyland C1 Pro,Hollyland,Communication,COM,HOLD,CH_14,COM-HOLD-CH_14-CTV,CTV,Not available,Fully Functional,50,3,1,,,
Hollyland C1 Pro,Hollyland,Communication,COM,HOLD,CH_15,COM-HOLD-CH_15-CTV,CTV,Not available,Fully Functional,50,3,1,,,
Hollyland C1 Pro,Hollyland,Communication,COM,HOLD,CH_16,COM-HOLD-CH_16-CTV,CTV,Not available,Fully Functional,50,3,1,,,
Hollyland Solidcom C1 Pro Hub Base,Hollyland,Communication,COM,HOLD,Base_1,COM-HOLD-Base_1-CTV,CTV,Not available,Fully Functional,100,3,1,,,
Hollyland Solidcom C1 Pro Hub Base,Hollyland,Communication,COM,HOLD,Base_2,COM-HOLD-Base_2-CTV,CTV,Not available,Fully Functional,100,3,1,,,
Motorola TLKR T80,Motorola,Communication,COM,MOTO,T80_1,COM-MOTO-T80_1-AVG,AVG,Available,Fully Functional,25,1,1,,,
Motorola TLKR T80,Motorola,Communication,COM,MOTO,T80_2,COM-MOTO-T80_2-AVG,AVG,Available,Fully Functional,25,1,1,,,
Motorola TLKR T80,Motorola,Communication,COM,MOTO,T80_3,COM-MOTO-T80_3-AVG,AVG,Available,Fully Functional,25,1,1,,,
Motorola TLKR T80,Motorola,Communication,COM,MOTO,T80_4,COM-MOTO-T80_4-AVG,AVG,Available,Fully Functional,25,1,1,,,
Motorola TLKR T80,Motorola,Communication,COM,MOTO,T80_5,COM-MOTO-T80_5-AVG,AVG,Available,Fully Functional,25,1,1,,,
Motorola TLKR T80,Motorola,Communication,COM,MOTO,T80_6,COM-MOTO-T80_6-AVG,AVG,Available,Fully Functional,25,1,1,,,
Motorola TLKR T82,Motorola,Communication,COM,MOTO,T82_1,COM-MOTO-T82_1-CTV,CTV,Available,Fully Functional,25,1,1,,,
Motorola TLKR T82,Motorola,Communication,COM,MOTO,T82_2,COM-MOTO-T82_2-CTV,CTV,Available,Fully Functional,25,1,1,,,
Motorola TLKR T82,Motorola,Communication,COM,MOTO,T82_3,COM-MOTO-T82_3-CTV,CTV,Available,Fully Functional,25,1,1,,,
Motorola TLKR T82,Motorola,Communication,COM,MOTO,T82_4,COM-MOTO-T82_4-CTV,CTV,Available,Fully Functional,25,1,1,,,
Motorola TLKR T82,Motorola,Communication,COM,MOTO,T82_5,COM-MOTO-T82_5-CTV,CTV,Available,Fully Functional,25,1,1,,,
Motorola TLKR T82,Motorola,Communication,COM,MOTO,T82_6,COM-MOTO-T82_6-CTV,CTV,Available,Fully Functional,25,1,1,,,
Canon EF 24-105 4-5.6L,Canon,Camera Len,LEN,CAON,EF24105_1,LEN-CAON-EF24105_1-AVG,AVG,Available,Fully Functional,200,2,1,,,
Canon EF 24-105 4-5.6L,Canon,Camera Len,LEN,CAON,EF24105_2,LEN-CAON-EF24105_2-AVG,AVG,Available,Fully Functional,200,2,1,,,
Canon EF 40mm f2.8 STM,Canon,Camera Len,LEN,CAON,EF40_1,LEN-CAON-EF40_1-GK,GK,Available,Fully Functional,200,2,1,,,
Canon EF 50mm F1.4,Canon,Camera Len,LEN,CAON,EF50_1,LEN-CAON-EF50_1-GK,GK,Not available,Fully Functional,200,2,1,,,
Canon EF-S 18-135mm IS STM,Canon,Camera Len,LEN,CAON,EF18135_1,LEN-CAON-EF18135_1-GK,GK,Available,Fully Functional,100,2,1,,,
Canon EF-S 18-55mm IS STM,Canon,Camera Len,LEN,CAON,EF1855_1,LEN-CAON-EF1855_1-GK,GK,Available,Fully Functional,50,2,1,,,
Canon RF 100-500mm f4.5-7.1L IS USM,Canon,Camera Len,LEN,CAON,RF100500_1,LEN-CAON-RF100500_1-CTV,CTV,Available,Fully Functional,1200,5,1,,,
Canon RF 135mm f/1.8L IS USM,Canon,Camera Len,LEN,CAON,RF135_1,LEN-CAON-RF135_1-CTV,CTV,Available,Fully Functional,800,4,1,,,
Canon RF 24-105 IS USM,Canon,Camera Len,LEN,CAON,RF24105_1,LEN-CAON-RF24105_1-CTV,CTV,Not available,Fully Functional,500,3,1,,,
Canon RF 24-105 IS USM,Canon,Camera Len,LEN,CAON,RF24105_2,LEN-CAON-RF24105_2-GK,GK,Available,Fully Functional,500,3,1,,,
Canon RF 35mm F1.8 IS STM,Canon,Camera Len,LEN,CAON,RF35_1,LEN-CAON-RF35_1-GK,GK,Available,Fully Functional,200,2,1,,,
Canon RF 70-200mm f2.8L IS USM,Canon,Camera Len,LEN,CAON,RF70200_1,LEN-CAON-RF70200_1-GK,GK,Not available,Damaged,1200,5,1,,,
Canon RF 85mm f1.2L USM,Canon,Camera Len,LEN,CAON,RF85_1,LEN-CAON-RF85_1-CTV,CTV,Available,Fully Functional,1000,4,1,,,
Canon RF-S 18-150mm f/3.5-6.3 IS STM,Canon,Camera Len,LEN,CAON,RFS18150_1,LEN-CAON-RFS18150_1-CTV,CTV,Available,Fully Functional,150,2,1,,,
Canon RF-S 18-150mm f/3.5-6.3 IS STM,Canon,Camera Len,LEN,CAON,RFS18150_2,LEN-CAON-RFS18150_2-CTV,CTV,Available,Fully Functional,150,2,1,,,
Canon RF-S 18-150mm f/3.5-6.3 IS STM,Canon,Camera Len,LEN,CAON,RFS18150_3,LEN-CAON-RFS18150_3-CTV,CTV,Available,Fully Functional,150,2,1,,,
Canon RF-S 18-150mm f/3.5-6.3 IS STM,Canon,Camera Len,LEN,CAON,RFS18150_4,LEN-CAON-RFS18150_4-CTV,CTV,Available,Fully Functional,150,2,1,,,
Canon RF-S 18-150mm f/3.5-6.3 IS STM,Canon,Camera Len,LEN,CAON,RFS18150_5,LEN-CAON-RFS18150_5-CTV,CTV,Available,Fully Functional,150,2,1,,,
Canon RF-S 18-150mm f/3.5-6.3 IS STM,Canon,Camera Len,LEN,CAON,RFS18150_6,LEN-CAON-RFS18150_6-CTV,CTV,Available,Fully Functional,150,2,1,,,
Canon RF-S 18-150mm f/3.5-6.3 IS STM,Canon,Camera Len,LEN,CAON,RFS18150_7,LEN-CAON-RFS18150_7-CTV,CTV,Available,Fully Functional,150,2,1,,,
Canon RF-S 18-150mm f/3.5-6.3 IS STM,Canon,Camera Len,LEN,CAON,RFS18150_8,LEN-CAON-RFS18150_8-CTV,CTV,Available,Fully Functional,150,2,1,,,
Canon RF-S 18-150mm f/3.5-6.3 IS STM,Canon,Camera Len,LEN,CAON,RFS18150_9,LEN-CAON-RFS18150_9-CTV,CTV,Available,Fully Functional,150,2,1,,,
H&Y Magnetic RevoRing Filter Cap 67mm-82mm,H&Y,Camera Len,LEN,H&Y,6782_1,LEN-H&Y-6782_1-GK,GK,Checking,Fully Functional,300,4,1,,,
LAOWA 24MM T14 2X PERIPROBE for Canon R,LAOWA,Camera Len,LEN,LOWA,RF24P_1,LEN-LOWA-RF24P_1-CTV,CTV,Available,Fully Functional,750,5,1,,,
Godox Knowled M600D LED 740W,Godox,Lighting,LIT,GODX,M600D_1,LIT-GODX-M600D_1-CTV,CTV,Available,Fully Functional,1000,5,1,,,
Godox AD200,Godox,Lighting,LIT,GODX,AD200_1,LIT-GODX-AD200_1-GK,GK,Not available,Fully Functional,200,4,1,,,
Godox AD200 Pro,Godox,Lighting,LIT,GODX,AD200P_1,LIT-GODX-AD200P_1-GK,GK,Not available,Fully Functional,200,4,1,,,
Godox FLS10,Godox,Lighting,LIT,GODX,FLS10_1,LIT-GODX-FLS10_1-CTV,CTV,Available,Fully Functional,200,4,1,,,
Godox LB-02,Godox,Lighting,LIT,GODX,LB-02_1,LIT-GODX-LB-02_1-CTV,CTV,Available,Fully Functional,200,4,1,,,
Godox TT600,Godox,Lighting,LIT,GODX,TT600_3,LIT-GODX-TT600_3-CTV,CTV,Checking,Fully Functional,100,2,1,,,
Godox TT600,Godox,Lighting,LIT,GODX,TT600_1,LIT-GODX-TT600_1-GK,GK,Checking,Fully Functional,100,2,1,,,
Godox TT600,Godox,Lighting,LIT,GODX,TT600_2,LIT-GODX-TT600_2-GK,GK,Checking,Fully Functional,100,2,1,,,
Rogue 2-in-1 Strip Reflector 50x100,Rogue,Lighting,LIT,ROGE,REFT50100_1,LIT-ROGE-REFT50100_1-GK,GK,Not available,Fully Functional,50,1,1,,,
DJI MIC 2 Set,DJI,Microphone,MIC,DJI,MIC2_1,MIC-DJI-MIC2_1-CTV,CTV,Available,Fully Functional,200,3,1,,,
DJI MIC 2 Set,DJI,Microphone,MIC,DJI,MIC2_2,MIC-DJI-MIC2_2-CTV,CTV,Available,Fully Functional,200,3,1,,,
DJI MIC 2 Set,DJI,Microphone,MIC,DJI,MIC2_3,MIC-DJI-MIC2_3-CTV,CTV,Available,Fully Functional,200,3,1,,,
DJI MIC 2 Set,DJI,Microphone,MIC,DJI,MIC2_4,MIC-DJI-MIC2_4-CTV,CTV,Available,Fully Functional,200,3,1,,,
DJI MIC set ,DJI,Microphone,MIC,DJI,MIC_1,MIC-DJI-MIC_1-CTV,CTV,Not available,Damaged,100,2,1,,,
DJI MIC set ,DJI,Microphone,MIC,DJI,MIC_2,MIC-DJI-MIC_2-CTV,CTV,Available,Fully Functional,100,2,1,,,
DJI MIC set ,DJI,Microphone,MIC,DJI,MIC_3,MIC-DJI-MIC_3-CTV,CTV,In use,Fully Functional,100,2,1,,,
RODE VIDEOMIC GO,RODE,Microphone,MIC,RODE,GOM_1,MIC-RODE-GOM_1-GK,GK,Available,Fully Functional,100,2,1,,,
Rode Wireless Go II,Rode,Microphone,MIC,RODE,GO2_1,MIC-RODE-GO2_1-CTV,CTV,Available,Fully Functional,100,2,1,,,
SHURE LensHopper VP83,SHURE,Microphone,MIC,SHRE,VP83_1,MIC-SHRE-VP83_1-AVG,AVG,Not available,Fully Functional,50,2,1,,,
SONY ECM-CG60 Shotgun Mic,Sony,Microphone,MIC,SONY,CG60_1,MIC-SONY-CG60_1-ITC,ITC,Checking,Fully Functional,50,1,1,,,
inChill Portable Monitor,INCL,Monitor,MON,inChill,MON_1,MON-inChill-MON_1-CTV,CTV,Not available,Fully Functional,400,4,1,,,
inChill Portable Monitor,INCL,Monitor,MON,inChill,MON_2,MON-inChill-MON_2-CTV,CTV,Not available,Fully Functional,400,4,1,,,
inChill Portable Monitor,INCL,Monitor,MON,inChill,MON_3,MON-inChill-MON_3-CTV,CTV,Not available,Fully Functional,400,4,1,,,
inChill Portable Monitor,INCL,Monitor,MON,inChill,MON_4,MON-inChill-MON_4-CTV,CTV,Not available,Fully Functional,400,4,1,,,
Apple iMac M4,Apple,Computer,PC,APPL,IM4_1,PC-APPL-IM4_1-ITC,ITC,Not available,Fully Functional,5000,5,1,,,
Apple iMac M4,Apple,Computer,PC,APPL,IM4_2,PC-APPL-IM4_2-ITC,ITC,Not available,Fully Functional,5000,5,1,,,
Apple Mac Mini M1,Apple,Computer,PC,APPL,MM1_1,PC-APPL-MM1_1-ITC,ITC,Not available,Fully Functional,1000,4,1,,,
Apple Mac Mini M1,Apple,Computer,PC,APPL,MM1_2,PC-APPL-MM1_2-ITC,ITC,In use,Fully Functional,1000,4,1,,,
Apple Mac Mini M4 Pro,Apple,Computer,PC,APPL,MM4_1,PC-APPL-MM4_1-CTV,CTV,Not available,Fully Functional,5000,5,1,,,
Apple Mac Mini M4 Pro,Apple,Computer,PC,APPL,MM1_2,PC-APPL-MM1_2-CTV,CTV,Not available,Fully Functional,5000,5,1,,,
Livestream computer,Microsoft,Computer,PC,MSFT,PC_2,PC-MSFT-PC_2-CTV,CTV,Not available,Fully Functional,5000,5,1,,,
Mobile livestream computer,Microsoft,Computer,PC,MSFT,PC_1,PC-MSFT-PC_1-CTV,CTV,Not available,Fully Functional,5000,5,1,,,
MANFROTTO VIDEO TELESCOPIC TWIN TRIPOD KIT,MANFROTTO,Tripod/Lightstand,POD,MAN,MTP_1,POD-MAN-MTP_1-CTV,CTV,Available,Fully Functional,300,3,1,,,
MANFROTTO XPRO VIDEO MONOPOD CF 5 SEC,MANFROTTO,Tripod/Lightstand,POD,MAN,MMP_1,POD-MAN-MMP_1-CTV,CTV,Available,Fully Functional,300,3,1,,,
Phottix Saldo 280 Air Cushion Light Stand,Phottix,Tripod/Lightstand,POD,PHTX,S280_1,POD-PHTX-S280_1-GK,GK,Checking,Fully Functional,100,3,1,,,
Phottix Saldo 280 Air Cushion Light Stand,Phottix,Tripod/Lightstand,POD,PHTX,S280_2,POD-PHTX-S280_2-GK,GK,Checking,Fully Functional,100,3,1,,,
Phottix Saldo 280 Air Cushion Light Stand,Phottix,Tripod/Lightstand,POD,PHTX,S280_3,POD-PHTX-S280_3-CTV,CTV,Checking,Fully Functional,100,3,1,,,
SmallRig Heavy-Duty Fluid Head Tripod AD-01 3751,SmallRig,Tripod/Lightstand,POD,SRIG,STP_1,POD-SRIG-STP_1-CTV,CTV,Not available,Fully Functional,100,2,1,,,
SmallRig Heavy-Duty Fluid Head Tripod AD-01 3751,SmallRig,Tripod/Lightstand,POD,SRIG,STP_2,POD-SRIG-STP_2-CTV,CTV,Not available,Fully Functional,100,2,1,,,
SmallRig Heavy-Duty Fluid Head Tripod AD-01 3751,SmallRig,Tripod/Lightstand,POD,SRIG,STP_3,POD-SRIG-STP_3-CTV,CTV,Available,Fully Functional,100,2,1,,,
SmallRig Heavy-Duty Fluid Head Tripod AD-01 3751,SmallRig,Tripod/Lightstand,POD,SRIG,STP_4,POD-SRIG-STP_4-CTV,CTV,Available,Fully Functional,100,2,1,,,
DJI RS 2 Pro Combo,DJI,Stabilizer,SBZ,DJI,RS2_1,SBZ-DJI-RS2_1-CTV,CTV,Available,Fully Functional,100,2,1,,,
DJI RS 3 Pro Combo,DJI,Stabilizer,SBZ,DJI,RS3_1,SBZ-DJI-RS3_1-CTV,CTV,Available,Fully Functional,200,4,1,,,
DJI RSC Pro Combo,DJI,Stabilizer,SBZ,DJI,RSC_1,SBZ-DJI-RSC_1-GK,GK,Available,Fully Functional,300,4,1,,,
Sony SF-M 系列 TOUGH UHS-II SD 記憶卡 128GB,Sony,SD Card,SD,SONY,128_1,SD-SONY-128_1-CTV,CTV,Available,Fully Functional,100,3,1,,,
Sony SF-M 系列 TOUGH UHS-II SD 記憶卡 128GB,Sony,SD Card,SD,SONY,128_2,SD-SONY-128_2-CTV,CTV,Available,Fully Functional,50,2,1,,,
Sony SF-M 系列 TOUGH UHS-II SD 記憶卡 128GB,Sony,SD Card,SD,SONY,128_3,SD-SONY-128_3-CTV,CTV,Available,Fully Functional,50,2,1,,,
Sony SF-M 系列 TOUGH UHS-II SD 記憶卡 128GB,Sony,SD Card,SD,SONY,128_4,SD-SONY-128_4-CTV,CTV,Available,Fully Functional,50,2,1,,,
Sony SF-M 系列 TOUGH UHS-II SD 記憶卡 128GB,Sony,SD Card,SD,SONY,128_5,SD-SONY-128_5-CTV,CTV,Available,Fully Functional,50,2,1,,,
Sony SF-M 系列 TOUGH UHS-II SD 記憶卡 128GB,Sony,SD Card,SD,SONY,128_6,SD-SONY-128_6-CTV,CTV,Available,Fully Functional,50,2,1,,,
Sony SF-M 系列 TOUGH UHS-II SD 記憶卡 128GB,Sony,SD Card,SD,SONY,128_7,SD-SONY-128_7-CTV,CTV,Available,Fully Functional,50,2,1,,,
Sony SF-M 系列 TOUGH UHS-II SD 記憶卡 128GB,Sony,SD Card,SD,SONY,128_8,SD-SONY-128_8-CTV,CTV,Available,Fully Functional,50,2,1,,,
Sony SF-M 系列 TOUGH UHS-II SD 記憶卡 256GB,Sony,SD Card,SD,SONY,256_1,SD-SONY-256_1-CTV,CTV,Available,Fully Functional,100,2,1,,,
Sony SF-M 系列 TOUGH UHS-II SD 記憶卡 256GB,Sony,SD Card,SD,SONY,256_2,SD-SONY-256_2-CTV,CTV,Checking,Fully Functional,100,2,1,,,
Sony SF-M 系列 TOUGH UHS-II SD 記憶卡 64GB,Sony,SD Card,SD,SONY,64_1,SD-SONY-64_1-CTV,CTV,Available,Fully Functional,25,2,1,,,
Sony SF-M 系列 TOUGH UHS-II SD 記憶卡 64GB,Sony,SD Card,SD,SONY,64_2,SD-SONY-64_2-CTV,CTV,Available,Fully Functional,25,2,1,,,
Sony SF-M 系列 TOUGH UHS-II SD 記憶卡 64GB,Sony,SD Card,SD,SONY,64_3,SD-SONY-64_3-CTV,CTV,Available,Fully Functional,25,2,1,,,
Sony SF-M 系列 TOUGH UHS-II SD 記憶卡 64GB,Sony,SD Card,SD,SONY,64_4,SD-SONY-64_4-CTV,CTV,Available,Fully Functional,25,2,1,,,
Sony SF-M 系列 TOUGH UHS-II SD 記憶卡 64GB,Sony,SD Card,SD,SONY,64_5,SD-SONY-64_5-CTV,CTV,Available,Fully Functional,25,2,1,,,
Sony SF-M 系列 TOUGH UHS-II SD 記憶卡 64GB,Sony,SD Card,SD,SONY,64_6,SD-SONY-64_6-CTV,CTV,Available,Fully Functional,25,2,1,,,
Sony SF-M 系列 TOUGH UHS-II SD 記憶卡 64GB,Sony,SD Card,SD,SONY,64_7,SD-SONY-64_7-CTV,CTV,Available,Fully Functional,25,2,1,,,
Sony SF-M 系列 TOUGH UHS-II SD 記憶卡 64GB,Sony,SD Card,SD,SONY,64_8,SD-SONY-64_8-CTV,CTV,Available,Fully Functional,25,2,1,,,
Sony SF-M 系列 TOUGH UHS-II SD 記憶卡 64GB,Sony,SD Card,SD,SONY,64_9,SD-SONY-64_9-CTV,CTV,Available,Fully Functional,25,2,1,,,
Sony SF-M 系列 TOUGH UHS-II SD 記憶卡 64GB,Sony,SD Card,SD,SONY,64_10,SD-SONY-64_10-CTV,CTV,Available,Fully Functional,25,2,1,,,
Angelbird AtomX SSDmini 500GB for Atomos Ninja V,Angelbird,Stroage,STO,ANBD,SSD500_1,STO-ANBD-SSD500_1-CTV,CTV,Available,Fully Functional,150,3,1,,,
Angelbird AtomX SSDmini 500GB for Atomos Ninja V,Angelbird,Stroage,STO,ANBD,SSD500_2,STO-ANBD-SSD500_2-CTV,CTV,In use,Fully Functional,150,3,1,,,
Angelbird AtomX SSDmini 500GB for Atomos Ninja V,Angelbird,Stroage,STO,ANBD,SSD500_3,STO-ANBD-SSD500_3-CTV,CTV,Available,Fully Functional,150,3,1,,,
Apple iPad,Apple,Utility,UIT,APPL,IPAD_1,UIT-APPL-IPAD_1-CTV,CTV,Not available,Fully Functional,400,1,1,,,
Apple TV 4K,Apple,Utility,UIT,APPL,ATV_1,UIT-APPL-ATV_1-CTV,CTV,Not available,Fully Functional,300,4,1,,,
Netgear Nighthawk 8-Stream Tri-Band AX6600 WiFi 6 Router,Netgear,Utility,UIT,NETG,AX6600_1,UIT-NETG-AX6600_1-CTV,CTV,Not available,Fully Functional,5000,5,1,,,
ProGrade Digital UHS-II SDHC/SDXC USB 3.2 Gen 2 Type-C 雙槽讀卡器 ( PG08 ),ProGrade,Utility,UIT,PROG,Read_1,UIT-PROG-Read_1-CTV,CTV,Checking,Fully Functional,100,2,1,,,
ProGrade Digital UHS-II SDHC/SDXC USB 3.2 Gen 2 Type-C 雙槽讀卡器 ( PG08 ),ProGrade,Utility,UIT,PROG,Read_2,UIT-PROG-Read_2-CTV,CTV,Checking,Fully Functional,100,2,1,,,
ProGrade Digital UHS-II SDHC/SDXC USB 3.2 Gen 2 Type-C 雙槽讀卡器 ( PG08 ),ProGrade,Utility,UIT,PROG,Read_3,UIT-PROG-Read_3-CTV,CTV,Checking,Fully Functional,100,2,1,,,
ProGrade Digital UHS-II SDHC/SDXC USB 3.2 Gen 2 Type-C 雙槽讀卡器 ( PG08 ),ProGrade,Utility,UIT,PROG,Read_4,UIT-PROG-Read_4-CTV,CTV,Checking,Fully Functional,100,2,1,,,
ProGrade Digital UHS-II SDHC/SDXC USB 3.2 Gen 2 Type-C 雙槽讀卡器 ( PG08 ),ProGrade,Utility,UIT,PROG,Read_5,UIT-PROG-Read_5-CTV,CTV,Checking,Fully Functional,100,2,1,,,
ProGrade Digital UHS-II SDHC/SDXC USB 3.2 Gen 2 Type-C 雙槽讀卡器 ( PG08 ),ProGrade,Utility,UIT,PROG,Read_6,UIT-PROG-Read_6-CTV,CTV,Checking,Fully Functional,100,2,1,,,
ProGrade Digital UHS-II SDHC/SDXC USB 3.2 Gen 2 Type-C 雙槽讀卡器 ( PG08 ),ProGrade,Utility,UIT,PROG,Read_7,UIT-PROG-Read_7-CTV,CTV,Checking,Fully Functional,100,2,1,,,
ProGrade Digital UHS-II SDHC/SDXC USB 3.2 Gen 2 Type-C 雙槽讀卡器 ( PG08 ),ProGrade,Utility,UIT,PROG,Read_8,UIT-PROG-Read_8-CTV,CTV,Checking,Fully Functional,100,2,1,,,
Transport Trolly,Unknow,Utility,UIT,UNKN,Trolly_1,UIT-UNKN-Trolly_1-GK,GK,Available,Fully Functional,200,3,1,,,
Atomos Ninja V HDMI Recording Monitor 5.2,Atomos,Video,VID,ATOM,NINJA_1,VID-ATOM-NINJA_1-CTV,CTV,Available,Fully Functional,150,3,1,,,
Atomos Ninja V HDMI Recording Monitor 5.2,Atomos,Monitor,MON,ATOM,NINJA_2,MON-ATOM-NINJA_2-CTV,CTV,Available,Fully Functional,200,3,1,,,
Atomos Ninja V HDMI Recording Monitor 5.2,Atomos,Monitor,MON,ATOM,NINJA_3,MON-ATOM-NINJA_3-CTV,CTV,Available,Fully Functional,150,3,1,,,
AVerMedia Live Gaming Ultra,AverMedia,Monitor,MON,AVME,LGU_1,MON-AVME-LGU_1-CTV,CTV,Not available,Fully Functional,1000,4,1,,,
Blackmagic Design ATEM Extreme Pro ISO,Blackmagic Design,Video,VID,BMD,ATEMEPI_1,VID-BMD-ATEMEPI_1-CTV,CTV,Not available,Damaged,800,4,1,,,
Blackmagic Design ATEM Mini Pro ISO,Blackmagic Design,Video,VID,BMD,ATEMMPI_1,VID-BMD-ATEMMPI_1-CTV,CTV,In use,Fully Functional,400,3,1,,,
Blackmagic Design ATEM Mini Pro ISO,Blackmagic Design,Video,VID,BMD,ATEMMPI_2,VID-BMD-ATEMMPI_2-CTV,CTV,In use,Fully Functional,400,3,1,,,
Blackmagic Design ATEM Mini Pro ISO,Blackmagic Design,Video,VID,BMD,ATEMMPI_3,VID-BMD-ATEMMPI_3-CTV,CTV,In use,Fully Functional,400,3,1,,,
Blackmagic Design ATEM Mini Pro ISO,Blackmagic Design,Video,VID,BMD,ATEMMPI_4,VID-BMD-ATEMMPI_4-CTV,CTV,Available,Fully Functional,400,3,1,,,
Blackmagic Design ATEM Mini Pro ISO,Blackmagic Design,Video,VID,BMD,ATEMMPI_5,VID-BMD-ATEMMPI_5-CTV,CTV,Available,Fully Functional,400,3,1,,,
CUEBI Tally Light,CUEDI,Video,VID,CUE,TALLY_1,VID-CUE-TALLY_1-CTV,CTV,Available,Fully Functional,400,3,1,,,
Datacolor SpyderCheckr SCK100,Datacolor,Utility,UIT,DACO,SCK100,UIT-DACO-SCK100-CTV,CTV,Available,Damaged,20,2,1,,,
DJI Ronin 4D 控制手把套裝,DJI,Video,VID,DJI,R4D_1,VID-DJI-R4D_1-CTV,CTV,Not available,Fully Functional,100,4,1,,,
"DJI Transmission 
",DJI,Video,VID,DJI,TM_1,VID-DJI-TM_1-CTV,CTV,Not available,Fully Functional,500,4,1,,,
DJI Video Transmission,DJI,Video,VID,DJI,VT_1,VID-DJI-VT_1-CTV,CTV,Not available,Fully Functional,200,3,1,,,
Hollyland Mars 300 Pro,Hollyland,Video,VID,HOLD,300P_1,VID-HOLD-300P_1-CTV,CTV,Checking,Fully Functional,100,3,1,,,
Hollyland Mars 300 Pro,Hollyland,Video,VID,HOLD,300P_2,VID-HOLD-300P_2-CTV,CTV,Checking,Fully Functional,100,3,1,,,
Hollyland Mars 400S Pro,Hollyland,Video,VID,HOLD,400SP_1,VID-HOLD-400SP_1-CTV,CTV,Checking,Fully Functional,150,3,1,,,
Teradek Bolt 4K,Teradek,Video,VID,TEDK,Bolt4K_1,VID-TEDK-Bolt4K_1-CTV,CTV,Not available,Fully Functional,200,4,1,,,